# Concept2 Online Rankings, 2000m RowErg, percentile results in seconds.
# Source: https://log.concept2.com/rankings/<season>/rower/2000?gender=<g>&age=<band>[&weight=<H|L>]
# Read 2026-10-05 from the public rankings pages (each page lists the 90th/75th/50th/25th
# percentile result for its filter). Adaptive: No. All countries. Seasons run May–April,
# e.g. 2026 = May 2025 – April 2026. Weight blank = all weights.
season,gender,age_band,weight,p90,p75,p50,p25
2026,M,12-18,,388.8,399.4,420.2,450.0
2026,M,19-29,,374.5,396.3,417.8,449.9
2026,M,30-39,,396.8,416.7,444.6,478.9
2026,M,40-49,,407.8,429.5,458.2,491.5
2026,M,50-59,,418.6,443.0,468.8,506.8
2026,M,60-69,,440.7,460.7,489.3,532.2
2026,M,70-79,,469.7,498.0,533.1,584.7
2026,M,80-89,,509.9,549.8,585.1,627.8
2026,F,12-18,,443.1,461.8,491.8,537.3
2026,F,19-29,,427.7,457.4,481.7,519.1
2026,F,30-39,,449.1,471.8,507.9,566.3
2026,F,40-49,,456.6,481.9,518.0,568.0
2026,F,50-59,,473.5,495.2,538.7,588.9
2026,F,60-69,,506.6,530.5,564.3,634.6
2026,F,70-79,,540.4,568.3,600.0,683.0
2026,F,80-89,,574.8,630.6,670.9,808.2
2025,M,12-18,,389.2,403.7,423.9,451.7
2025,M,19-29,,380.9,396.6,419.4,456.3
2025,M,30-39,,400.0,418.8,450.1,482.3
2025,M,40-49,,410.7,432.6,461.0,498.6
2025,M,50-59,,420.0,442.9,471.7,508.7
2025,M,60-69,,440.3,460.3,490.4,529.8
2025,M,70-79,,465.3,495.3,532.0,577.3
2025,M,80-89,,504.6,535.7,575.8,630.0
2025,F,12-18,,446.4,464.0,489.0,529.8
2025,F,19-29,,437.5,457.1,485.4,520.1
2025,F,30-39,,448.9,468.9,506.4,550.6
2025,F,40-49,,467.2,489.0,527.0,575.1
2025,F,50-59,,478.5,504.8,539.2,591.9
2025,F,60-69,,504.7,528.1,574.5,633.0
2025,F,70-79,,551.2,576.9,616.9,698.1
2025,F,80-89,,591.8,635.5,747.8,852.8
2026,M,19-29,H,372.1,391.6,415.3,447.3
2026,M,19-29,L,397.3,411.1,432.2,459.3
2026,F,19-29,H,422.8,455.3,481.2,518.4
2026,F,19-29,L,447.5,470.5,498.3,523.2
2025,M,19-29,H,379.0,392.9,418.0,455.2
2025,M,19-29,L,394.7,407.5,428.3,464.8
2025,F,19-29,H,434.8,455.9,481.7,512.0
2025,F,19-29,L,446.5,473.7,500.9,549.4
